Tue May 12 18:49:32 +0000 2015,Philly's Shyamalan hits TV with the twisted 'Wayward Pin  http://t.co/HQqqRSj1AH  #bucks #philly #tv #waywardpines
Tue May 12 18:48:51 +0000 2015,The @UKPleasureBoys Sexy @Rumble_ukpb Join Us For A #FullMonty Show 5th June @WonderWorldMK #Whatsonmk #Bucks #beds http://t.co/OcasFmaFuU
Tue May 12 18:46:24 +0000 2015,You can now Like Us on Facebook! https://t.co/mB8dR9PtRg #facebook #thenestatno9 #olney #bucks #shoplocal #thenest
Tue May 12 18:45:38 +0000 2015,#personalpresence workshop step 3 #marlow #bucks 22 June. Discover what's unique about you http://t.co/S3bH3WQZhI
Tue May 12 18:45:07 +0000 2015,#Bucks Tweets: The @BucksProShop at @WI_NOTG in Bayshore is now open!! Stop over for all your new logo gear… #NBA http://t.co/K0C0hznlTW
Tue May 12 18:45:03 +0000 2015,#Bucks Here are the 76ers' new logos featuring Dribbling Ben Franklin (Ball Don't Lie): The P... http://t.co/knpP1GQ3AC #MilwaukeeBucks
Tue May 12 18:44:30 +0000 2015,Milwaukee no pagará cualquier precio para retener a Khris Middleton #Baloncesto #Deportes #Basket #Rumores #Bucks … https://t.co/3jL4DfPRfY
Tue May 12 18:42:55 +0000 2015,RT @MarchHouseBooks: Albert and Leonard Flitney – A sad tale http://t.co/MGO09GHYiu #familyhistory #genealogy @DailyBucks #Buckinghamshire …
Tue May 12 18:34:05 +0000 2015,RT @InsideHoops: Milwaukee #Bucks hire Suki Hobson for training staff: http://t.co/fFmnGPYW9E
Tue May 12 18:32:00 +0000 2015,RT @DailyBUCKS: POLICE NEWS: Cars and house damaged in collision - Slough http://t.co/88A94Qdpzh #Bucks
Tue May 12 18:30:38 +0000 2015,RT @InsideHoops: Milwaukee #Bucks hire Suki Hobson for training staff: http://t.co/fFmnGPYW9E
Tue May 12 18:30:10 +0000 2015,RT @InsideHoops: Milwaukee #Bucks hire Suki Hobson for training staff: http://t.co/fFmnGPYW9E
Tue May 12 18:28:53 +0000 2015,Milwaukee #Bucks hire Suki Hobson for training staff: http://t.co/fFmnGPYW9E
Tue May 12 18:27:41 +0000 2015,http://t.co/JDe7w4y50X Bucks Add Suki Hobson to Training Staff  #Bucks http://t.co/cRFZVcs0iY
Tue May 12 18:27:09 +0000 2015,#MilwaukeeBucks MMAC President says arena deal should be done this month: He says keeping the Milwaukee... http://t.co/bo8WcxDpEl #Bucks
Tue May 12 18:20:52 +0000 2015,Need some extra cash? Great #gold prices - http://t.co/teSU0FsDZJ #harlow #essex #hertford #herts #stevenage #miltonkeynes #cambs #bucks
Tue May 12 18:20:23 +0000 2015,@bucksangels 01494 474181 #Lifestyle #Household #personal #Beauty #birthday #party #highwycombe #marlow #bucks #Declutter #Organisation RT
Tue May 12 18:20:17 +0000 2015,RT @The_Animal_Team: #k9hour #rabbitawarenessweek please support @TheAnimalSancUK #bucks @BowBunnyRescue #clowne http://t.co/Ew2ievTCqw
Tue May 12 18:19:03 +0000 2015,Best T-shirt cannon ever!! #winning #Bucks https://t.co/mJ05DP20lo
Tue May 12 18:17:13 +0000 2015,#Bucks 【RETWEET】 #Followback #Follow #TFB #TFBJP #F4F #FF #Me #Love #TF #Like #MGWV @FollowbackImage http://t.co/3iatFKfheH
Tue May 12 18:05:48 +0000 2015,Bucks Add Suki Hobson to Training Staff http://t.co/vF7Ma5ytoy #Bucks
Tue May 12 18:04:33 +0000 2015,AYLESBURY: Aylesbury MP appointed Minister for Europe - Get Bucks http://t.co/qIdz5eGUPV #Bucks
Tue May 12 18:02:50 +0000 2015,#NBA: Si muovo già i #Bucks puntato Brook Lopez. http://t.co/M6eegD6dkO
Tue May 12 17:59:12 +0000 2015,RT @DJFreshUK: Biggup #festiball @ #bucks uni! @messymc #bnu https://t.co/nLiDf3z06C
Tue May 12 17:56:21 +0000 2015,#Bucks Tweets: Giannis is in Greece and he sat to talk about playing for Coach Kidd… http://t.co/LQJO3ZpNme #NBA http://t.co/K0C0hznlTW
Tue May 12 17:53:46 +0000 2015,http://t.co/qiRDLbcld3 Here are the 76ers' new logos featuring Dribbling Ben Franklin (Bal #Bucks http://t.co/fF1hEZdu0m
Tue May 12 17:46:12 +0000 2015,Need a great band for your #Bucks #wedding? Check us out http://t.co/PEHtFMtiIf
Tue May 12 17:44:31 +0000 2015,Bucks MP handed top government job http://t.co/Mni6krXMSo #Bucks
Tue May 12 17:44:31 +0000 2015,Last chance to see popular sculpture garden which closes to visitors this weekend http://t.co/ZjfaTZyZRn #Bucks
Tue May 12 17:44:30 +0000 2015,#bucks Bucks MP handed top government job: Aylesbury  MP David Lidington has been handed a top job in the new ... http://t.co/RElb38LVT9
Tue May 12 17:44:19 +0000 2015,#Bucks Tweets: Bucks Add Suki Hobson to Training Staff » http://t.co/OekT0cR7Ks http://t.co/7aO6FYAH5H #NBA http://t.co/K0C0hznlTW
Tue May 12 17:41:17 +0000 2015,Bucks Add Suki Hobson to Training Staff #MilwaukeeBucks #Bucks http://t.co/DUC0Yuy2zf http://t.co/R8N9HCpxF7
Tue May 12 17:41:09 +0000 2015,#Bucks Wire: Bucks Add Suki Hobson to Training Staff http://t.co/43CRmh3iV5 http://t.co/K0C0hznlTW
Tue May 12 17:38:35 +0000 2015,#Bucks Tweets: We are fully stocked and open at @WI_NOTG in Bayshore!! http://t.co/86nWfNGzwL #NBA http://t.co/K0C0hznlTW
Tue May 12 17:35:42 +0000 2015,The #Bucks via Jason Kidd could snag Brook Lopez away from the Nets this summer http://t.co/6ebm17cXu4
Tue May 12 17:35:17 +0000 2015,Visit http://t.co/znl2BiRJax to register today! #Bucks #FearTheDeer http://t.co/XQio4pgrHH
Tue May 12 17:35:15 +0000 2015,Headin' for the #Bucks NOW! #YE http://t.co/IEVRl7aB7K
Tue May 12 17:33:42 +0000 2015,RT @MarchHouseBooks: Albert and Leonard Flitney – A sad tale http://t.co/MGO09GHYiu #familyhistory #genealogy @DailyBucks #Buckinghamshire …
Tue May 12 17:32:36 +0000 2015,#Bucks Tweets: Join The Team. Own The Future. http://t.co/jKFfwmbKzG #NBA http://t.co/K0C0hznlTW
Tue May 12 17:31:00 +0000 2015,Don't Loose a SecondTalk to us Now about maximising your income.#Personal #Finance #Buckshttp://t.co/wvAgFXKGYx http://t.co/O3bNEVGYkK
Tue May 12 17:30:42 +0000 2015,RT @MarlowTC: We've entered The Best Kept Village 2015... It's your town #Bucks #Marlow http://t.co/NQzKXsSfaM
Tue May 12 17:28:23 +0000 2015,Inside Out: Phila. Museum Of Art To Display Rep  http://t.co/lSZq094ziy  #artmuseum #bucks #delaware #philadelphia
Tue May 12 17:28:22 +0000 2015,Bucks County Pa. Opens Summer Tourism Season With Ice Cream Give  http://t.co/NPdn9EZ7Ym  #bucks #nationaltourism
Tue May 12 17:25:04 +0000 2015,Albert and Leonard Flitney – A sad tale http://t.co/MGO09GHYiu #familyhistory #genealogy @DailyBucks #Buckinghamshire #Bucks #ww1
Tue May 12 17:23:21 +0000 2015,RT @The_Animal_Team: #k9hour #rabbitawarenessweek please support @TheAnimalSancUK #bucks @BowBunnyRescue #clowne http://t.co/Ew2ievTCqw
Tue May 12 17:23:04 +0000 2015,Tett approved by party at meeting http://t.co/yPJJYmNYq4 #Bucks
Tue May 12 17:23:04 +0000 2015,Lidington retains crucial European role http://t.co/I54iULlds9 #Bucks
Tue May 12 17:18:00 +0000 2015,http://t.co/JDe7w4y50X [Bleacher Report] - NBA Rumors and News: Latest on Dirk Nowitzki #Bucks http://t.co/V6VqJeMkQ9
Tue May 12 17:12:20 +0000 2015,RT @The_Animal_Team: #k9hour #rabbitawarenessweek please support @TheAnimalSancUK #bucks @BowBunnyRescue #clowne http://t.co/Ew2ievTCqw
Tue May 12 17:08:54 +0000 2015,Always nice to show people around when the sun is shining! #MotorTrade #cardealer #carsales #Bucks #MiltonKeynes #MK http://t.co/X8t54Hsyp8
Tue May 12 17:08:12 +0000 2015,#milwaukeebucks #milwaukee #bucks #MIL Here are the 76ers' new logos featuring Dribbling Ben Franklin (Ball D.. http://t.co/6B8mntfJyV
Tue May 12 17:05:14 +0000 2015,David Blatt Likens Coaching To Being Fighter Pilot http://t.co/BqpdSrPP3o #Bucks #NBA
Tue May 12 17:02:34 +0000 2015,#k9hour #rabbitawarenessweek please support #TheAnimalSancUK #bucks #BowBunnyRescue #clowne http://t.co/8lQtFOpdy6 http://t.co/yzxqXtKtzR
Tue May 12 17:01:35 +0000 2015,POLICE NEWS: Cars and house damaged in collision - Slough http://t.co/88A94Qdpzh #Bucks
Tue May 12 17:00:01 +0000 2015,#NBA #Bucks - (12) Milwaukee Bucks Official NBA Mini Pennants:  $15.00End Date: Thursda... http://t.co/khBYLqyQdG http://t.co/k33Sm3HFUt
Tue May 12 16:59:38 +0000 2015,#BMB #BUCKS #100Trilly https://t.co/gDHSUP1ZTy
Tue May 12 16:56:17 +0000 2015,Buckinghamshire: Aylesbury MP appointed Minister for Europe http://t.co/ffFutzrBqZ #bucks
Tue May 12 16:56:17 +0000 2015,Buckinghamshire: HS2 visit to Buckinghamshire is cancelled http://t.co/Wlj50fH6kw #bucks
Tue May 12 16:50:11 +0000 2015,Here is another photo of the four #Bucks that came to visit my husband and I today for lunch.… https://t.co/0XxQBwZpA4
Tue May 12 16:41:24 +0000 2015,#Bucks Tweets: They’re excellent defensively and a good young team on the rise. - GSW… http://t.co/blBPRjsB6f #NBA http://t.co/K0C0hznlTW
Tue May 12 16:40:13 +0000 2015,Dirk Nowitzki Won't Retire Before 2018 http://t.co/AawKN34dH7 #Bucks #NBA
Tue May 12 16:39:51 +0000 2015,There were four #Bucks eating grass right outside my back porch. Their #FuzzyAntlers were so cute! https://t.co/MqIARnj1Lq
Tue May 12 16:29:01 +0000 2015,http://t.co/JDe7w4y50X Milwaukee Bucks Logo Mitchell and Ness Snapback hat Cap  #Bucks http://t.co/pgoUvFVkmz
Tue May 12 16:19:11 +0000 2015,RT @WildReflections: #MuleDeer #buck in velvet. #Bucks #deer #MontanaMoment http://t.co/cmS5lEJJsk
Tue May 12 16:16:38 +0000 2015,RT @WildReflections: #MuleDeer #buck in velvet. #Bucks #deer #MontanaMoment http://t.co/cmS5lEJJsk
Tue May 12 16:15:12 +0000 2015,Kyrie Irving Has Left Knee Tendinitis http://t.co/i2zCRE8Nuk #Bucks #NBA
Tue May 12 16:07:39 +0000 2015,Mike Dunleavy determined to give #Bulls more in Game 5 #Bucks #Butler #Rose http://t.co/xbN1gy9Raq
Tue May 12 16:05:59 +0000 2015,16 MAY: Cocktails &amp Cupcakes Mixology http://t.co/xPSGYWrRLt @rosiesrainbow #Charity #Bucks #HighWycombe #WhatsOnBucks
Tue May 12 16:03:40 +0000 2015,Photos: Great initiative by Giannis Antetokounmpo and Thanasis to play where all started from...#GreekFreak #Bucks
Tue May 12 16:00:09 +0000 2015,http://t.co/EEkB0NdMH9: Utah Jazz... http://t.co/rIQVQ8psBQ #blazers #bucks #december #highlights #jazz #milwaukee #portland #trail #utah
Tue May 12 15:48:46 +0000 2015,RT @The_Animal_Team: #k9hour #rabbitawarenessweek please support @TheAnimalSancUK #bucks @BowBunnyRescue #clowne http://t.co/Ew2ievTCqw
Tue May 12 15:42:07 +0000 2015,RT @DailyBUCKS: Burglars strike at off-duty building site http://t.co/O95qq0ODxh #Bucks
Tue May 12 15:40:31 +0000 2015,...home - cwoffee time #bucks ☕️☀️ Lu sole is shining 💋 still waiting for @milesSI and @j44pjlPatLewis 😋 x http://t.co/i90LJ01Iu0
Tue May 12 15:39:05 +0000 2015,RT @therockingrebel: Fancy learning to #Jive? Join our beginners classes every Wednesday #HighWycombe #Bucks &amp Monday #Harefield #Uxbridge …
Tue May 12 15:38:39 +0000 2015,Burglars strike at off-duty building site http://t.co/O95qq0ODxh #Bucks
Tue May 12 15:37:05 +0000 2015,#milwaukeebucks #milwaukee #bucks #MIL NBA Rumors and News: Latest on Dirk Nowitzki's Retirement Plans Bucks .. http://t.co/mVHVlolId6
Tue May 12 15:35:36 +0000 2015,Fancy learning to #Jive? Join our beginners classes every Wednesday #HighWycombe #Bucks &amp Monday #Harefield... http://t.co/0XZniQlAIC
Tue May 12 15:35:11 +0000 2015,Fancy learning to #Jive? Join our beginners classes every Wednesday #HighWycombe #Bucks &amp Monday #Harefield #Uxbridge http://t.co/ToWPRhJ7q1
Tue May 12 15:35:02 +0000 2015,Mike Dunleavy determind 2 give #Bulls more in Game 5 http://t.co/YLRBah6zq6 #Bucks #Butler #Rose
Tue May 12 15:35:01 +0000 2015,Mike Dunleavy determind 2 give #Bulls more in Game 5 http://t.co/M3znEP3b1j #Bucks #Butler #Rose
Tue May 12 15:27:03 +0000 2015,NBA Rumors and News: Latest on Dirk Nowitzki's Retirement P... #Bucks #BucksNation http://t.co/teghfNc9O2 http://t.co/llXou8qbm1
Tue May 12 15:14:30 +0000 2015,#BMB #BUCKS #100Trilly https://t.co/CeuqdT1GWi
Tue May 12 15:11:38 +0000 2015,http://t.co/EEkB0NdMH9: Milwaukee Bucks vs Oklahoma... http://t.co/YFnVufQGjs #bucks #highlights #january #milwaukee #oklahoma #thunder
Tue May 12 15:09:01 +0000 2015,Residents join together for WWI evening in honour of south Bucks poet http://t.co/zaquHtADzn #Bucks
Tue May 12 15:09:01 +0000 2015,36 more vehicles targeted as High Wycombe criminal damage spree continues http://t.co/s77K66GA7p #Bucks
Tue May 12 15:09:00 +0000 2015,#bucks Residents join together for WWI evening in honour of south Bucks poet: In commemoration of the death of... http://t.co/503knjuEd4
Tue May 12 14:59:50 +0000 2015,@ShermanJeff Leading the way in #bucks! Tired of unwanted subscription emails? Try Unroll.Me: http://t.co/Abp3MwUHhQ
Tue May 12 14:55:04 +0000 2015,RT @DonWalkerJS: Wis. State Council of Carpenters becomes 11th group to register to lobby in behalf of proposed arena. #Bucks.
Tue May 12 14:49:36 +0000 2015,Wis. State Council of Carpenters becomes 11th group to register to lobby in behalf of proposed arena. #Bucks.
Tue May 12 14:49:36 +0000 2015,Philly's Shyamalan hits TV with the twisted 'Wayward Pin  http://t.co/HQqqRSj1AH  #bucks #philly #tv #waywardpines
Tue May 12 14:46:21 +0000 2015,RT @WildReflections: #MuleDeer #buck in velvet. #Bucks #deer #MontanaMoment http://t.co/cmS5lEJJsk
Tue May 12 14:40:26 +0000 2015,#Bucks are doing a block party for their new jerseys. Awesome idea for all ages &amp a plan for day drinking the event. http://t.co/kSNxBLbCiF
Tue May 12 14:38:37 +0000 2015,#Bucks Tweets: Thanks to everybody who came by the new @BucksProShop yesterday at Southridge! Bayshore &ampamp… #NBA http://t.co/K0C0hznlTW
Tue May 12 14:31:26 +0000 2015,Buckinghamshire: Police hunt 'flasher' who exposed himself in High Wycombe http://t.co/XeS1RlfQmL #bucks
Tue May 12 14:31:26 +0000 2015,Buckinghamshire: Images from the massive industrial fire in Chalfont St Giles http://t.co/nZl6ZshGVH #bucks
Tue May 12 14:30:59 +0000 2015,http://t.co/JDe7w4y50X Milwaukee Bucks Youth Small (8) Shorts Adidas  #Bucks http://t.co/efidDcyztt
Tue May 12 14:29:49 +0000 2015,RT @The_Animal_Team: #k9hour #rabbitawarenessweek please support @TheAnimalSancUK #bucks @BowBunnyRescue #clowne http://t.co/Ew2ievTCqw
Tue May 12 14:21:07 +0000 2015,#NBA #Bucks - MILWAUKEE BUCKS TAC PIN:  $2.65End Date: Thursday Jun-11-2015 6:38:15 PDT... http://t.co/ZYJK1Ox0Jb http://t.co/k33Sm3HFUt
Tue May 12 14:16:36 +0000 2015,Some List of Pdf About Bingo Bucks Stopmoskowitz The #bingo #bucks #stopmoskowitz http://t.co/5NClegb5gG
Tue May 12 14:15:52 +0000 2015,Marquette University and the Milwaukee #Bucks are teaming up to propose an athletic research center via @fox6now http://t.co/cCNuIY2gWk
